ensemble,form,form_group,starting_class,base_vectors,answer_perturbation_trials,primary_family_flip_rate,posture_flip_rate,pure_blend_transition_rate,full_archetype_flip_rate,pure_to_blend_rate,blend_to_pure_rate,median_item_influence,maximum_item_influence,maximum_influence_item,top_flip_item,top_item_flip_concentration,top_two_item_flip_concentration,top_flip_dimension,top_dimension_flip_concentration,masked_family_flip_rate,amplified_archetype_flip_rate,omission_full_archetype_flip_rate,neutralisation_full_archetype_flip_rate,direct_posture_dimension_trials,direct_posture_dimension_flip_rate,diagnostic_item_rows
uniform,core,core,all,300,15590,0.102437,0.029314,0.158242,0.216998,0.091212,0.06703,0.242386,0.294964,v21_ni_rev_05,v21_ni_rev_05,0.096955,0.187703,restraint,0.180018,0.034253,0.148813,0.285714,0.251667,600,0.073333,28
uniform,core,core,pure,238,12360,0.049272,0.027265,0.115049,0.159385,0.115049,0,0.16740549999999998,0.241183,v21_ni_rev_05,v21_ni_rev_05,0.107614,0.214213,restraint,0.205076,0,0.110113,0.214886,0.191176,476,0.056723,14
uniform,core,core,blend,62,3230,0.305882,0.037152,0.323529,0.437461,0,0.323529,0.454455,0.553097,sc2,sc2,0.088464,0.176221,institutions,0.174098,0.165325,0.296904,0.557604,0.483871,124,0.137097,14
uniform,targeted:realist|institutionalist,targeted,all,160,10736,0.131893,0.023472,0.183215,0.241058,0.09687,0.086345,0.214286,0.4625,an_tradeoff_evidence,an_tradeoff_evidence,0.085781,0.160742,institutions,0.212482,0.033532,0.142697,0.25,0.225,320,0,38
uniform,targeted:realist|institutionalist,targeted,pure,128,8600,0.076512,0.023837,0.12093,0.178023,0.12093,0,0.154334,0.375,an_tradeoff_evidence,an_tradeoff_evidence,0.094056,0.171783,securityCompetition,0.211125,0,0.101512,0.186942,0.167411,256,0,19
uniform,targeted:realist|institutionalist,targeted,blend,32,2136,0.354869,0.022004,0.433989,0.49485,0,0.433989,0.474576,0.854167,an_tradeoff_rival,an_tradeoff_rival,0.077578,0.151372,institutions,0.2181,0.168539,0.308521,0.502232,0.455357,64,0,19
uniform,targeted:realist|constructivist,targeted,all,160,10717,0.113745,0.024167,0.159933,0.217412,0.086965,0.072968,0.21202,0.445833,an_tradeoff_rival,an_tradeoff_rival,0.091845,0.179828,institutions,0.21763,0.032472,0.136139,0.213839,0.195982,320,0.003125,38
uniform,targeted:realist|constructivist,targeted,pure,126,8424,0.061135,0.025166,0.110636,0.15812,0.110636,0,0.144086,0.330688,an_tradeoff_rival,an_tradeoff_rival,0.093844,0.18018,institutions,0.217129,0,0.096985,0.156463,0.144558,252,0.003968,19
uniform,targeted:realist|constructivist,targeted,blend,34,2293,0.307021,0.020497,0.341038,0.435238,0,0.341038,0.393939,0.882353,an_tradeoff_legitimacy,an_tradeoff_legitimacy,0.09018,0.179359,institutions,0.218303,0.151766,0.279983,0.426471,0.386555,68,0,19
uniform,targeted:realist|criticalPoliticalEconomy,targeted,all,160,10758,0.104294,0.035601,0.14064,0.201153,0.071761,0.068879,0.193603,0.385417,tradeoff_strategy,tradeoff_strategy,0.08549,0.161275,restraint,0.184254,0.022216,0.119074,0.209375,0.202232,320,0.00625,38
uniform,targeted:realist|criticalPoliticalEconomy,targeted,pure,139,9347,0.061517,0.035626,0.082593,0.14625,0.082593,0,0.145594,0.323741,tradeoff_strategy,tradeoff_strategy,0.098756,0.17703,restraint,0.20647,0,0.084733,0.15519,0.147996,278,0.007194,19
uniform,targeted:realist|criticalPoliticalEconomy,targeted,blend,21,1411,0.387668,0.035436,0.525159,0.564848,0,0.525159,0.555556,0.904762,an_tradeoff_legitimacy,an_tradeoff_legitimacy,0.071518,0.139272,politicalEconomy,0.178191,0.169383,0.346563,0.568027,0.561224,42,0,19
uniform,targeted:institutionalist|constructivist,targeted,all,160,10713,0.088957,0.042472,0.107813,0.185102,0.068048,0.039765,0.173623,0.404167,case_semiconductors,case_semiconductors,0.097832,0.17297,restraint,0.228504,0.008774,0.104919,0.192411,0.166518,320,0.00625,38
uniform,targeted:institutionalist|constructivist,targeted,pure,149,9978,0.070054,0.042493,0.073061,0.153137,0.073061,0,0.13059,0.364653,case_semiconductors,case_semiconductors,0.106675,0.186518,restraint,0.236904,0,0.083083,0.159156,0.136146,298,0.006711,19
uniform,targeted:institutionalist|constructivist,targeted,blend,11,735,0.345578,0.042177,0.579592,0.619048,0,0.579592,0.619048,0.939394,case_semiconductors,case_semiconductors,0.068132,0.136264,institutions,0.195986,0.127891,0.401361,0.642857,0.577922,22,0,19
uniform,targeted:institutionalist|criticalPoliticalEconomy,targeted,all,160,10730,0.101118,0.036347,0.130941,0.198416,0.077074,0.053868,0.202361,0.36875,an_case_rising_power_voice,an_case_rising_power_voice,0.083138,0.165336,institutions,0.209359,0.020596,0.117894,0.202232,0.191071,320,0.009375,38
uniform,targeted:institutionalist|criticalPoliticalEconomy,targeted,pure,141,9447,0.063301,0.036837,0.087541,0.154017,0.087541,0,0.15739,0.304965,an_tradeoff_tech_order,an_tradeoff_tech_order,0.08866,0.176632,institutions,0.208633,0,0.090717,0.157042,0.148936,282,0.010638,19
uniform,targeted:institutionalist|criticalPoliticalEconomy,targeted,blend,19,1283,0.379579,0.032736,0.450507,0.525331,0,0.450507,0.465753,0.859649,an_case_rising_power_voice,v21_ni_rev_05,0.083086,0.161721,institutions,0.21107,0.172253,0.318005,0.537594,0.503759,38,0,19
uniform,targeted:constructivist|criticalPoliticalEconomy,targeted,all,160,10751,0.096177,0.040554,0.140917,0.20333,0.077295,0.063622,0.227656,0.291667,an_tradeoff_energy_alignment,ni2,0.067246,0.133577,institutions,0.19551,0.017766,0.124919,0.226339,0.207589,320,0,38
uniform,targeted:constructivist|criticalPoliticalEconomy,targeted,pure,141,9475,0.061319,0.03715,0.087704,0.150923,0.087704,0,0.1673,0.224586,an_tradeoff_energy_alignment,rs2,0.077622,0.151748,restraint,0.203697,0,0.089604,0.175279,0.155015,282,0,19
uniform,targeted:constructivist|criticalPoliticalEconomy,targeted,blend,19,1276,0.355016,0.065831,0.53605,0.592476,0,0.53605,0.619718,0.824561,an_case_middle_power,ni2,0.075397,0.146825,institutions,0.202324,0.149687,0.387147,0.605263,0.597744,38,0,19
uniform,fullExtended,full,all,160,27669,0.067765,0.029564,0.104738,0.143807,0.049731,0.055007,0.1019885,0.445833,case_semiconductors,case_semiconductors,0.053782,0.09525,institutions,0.20794,0.036828,0.11287,0.148661,0.128571,320,0.0125,136
uniform,fullExtended,full,pure,122,21072,0.016657,0.030942,0.0653,0.097285,0.0653,0,0.06444849999999999,0.363388,case_semiconductors,case_semiconductors,0.064878,0.109268,restraint,0.214102,0,0.080628,0.087822,0.077869,244,0.008197,68
uniform,fullExtended,full,blend,38,6597,0.231014,0.025163,0.230711,0.292406,0,0.230711,0.2131345,0.754386,tradeoff_alliances,tradeoff_alliances,0.044583,0.086573,institutions,0.218703,0.154464,0.215856,0.343985,0.291353,76,0.026316,68
calibratedSynthetic,core,core,all,240,13197,0.009396,0.01955,0.025536,0.046677,0.016064,0.009472,0.022669,0.147799,v21_rs_rev_04,v21_rs_rev_04,0.228896,0.446429,restraint,0.446429,0.004395,0.041676,0.033929,0.058036,480,0.072917,28
calibratedSynthetic,core,core,pure,230,12647,0.003321,0.020084,0.016763,0.037796,0.016763,0,0.0132055,0.14738,v21_rs_rev_04,v21_rs_rev_04,0.282427,0.556485,restraint,0.556485,0,0.034475,0.026398,0.047516,460,0.076087,14
calibratedSynthetic,core,core,blend,10,550,0.149091,0.007273,0.227273,0.250909,0,0.227273,0.15394750000000001,0.666667,ni2,ni2,0.188406,0.369565,normsIdentity,0.369565,0.105455,0.207273,0.207143,0.3,20,0,14
calibratedSynthetic,targeted:realist|institutionalist,targeted,all,120,8402,0.001785,0.00845,0.004523,0.013211,0.004523,0,0.002128,0.054622,rs2,rs2,0.234234,0.45045,restraint,0.278571,0,0.011426,0.006548,0.008333,240,0,19
calibratedSynthetic,targeted:realist|institutionalist,targeted,pure,120,8402,0.001785,0.00845,0.004523,0.013211,0.004523,0,0.002128,0.054622,rs2,rs2,0.234234,0.45045,restraint,0.278571,0,0.011426,0.006548,0.008333,240,0,19
calibratedSynthetic,targeted:realist|institutionalist,targeted,blend,0,0,0,0,0,0,0,0,0,0,,,0,0,,0,0,0,0,0,0,0,0
calibratedSynthetic,targeted:realist|constructivist,targeted,all,120,8408,0.001546,0.009753,0.008682,0.018435,0.005471,0.003211,0.006424,0.075,an_case_burdens,an_case_burdens,0.174194,0.341935,restraint,0.231343,0.000595,0.017483,0.007143,0.010119,240,0.004167,38
calibratedSynthetic,targeted:realist|constructivist,targeted,pure,119,8337,0.00084,0.009836,0.005518,0.015353,0.005518,0,0.004301,0.07563,an_case_burdens,an_case_burdens,0.210938,0.390625,restraint,0.252199,0,0.014514,0.006002,0.007803,238,0.004202,19
calibratedSynthetic,targeted:realist|constructivist,targeted,blend,1,71,0.084507,0,0.380282,0.380282,0,0.380282,0.25,1,an_case_middle_power,an_case_middle_power,0.111111,0.222222,institutions,0.245902,0.070423,0.366197,0.142857,0.285714,2,0,19
calibratedSynthetic,targeted:realist|criticalPoliticalEconomy,targeted,all,120,8407,0.001189,0.004282,0.004044,0.008564,0.004044,0,0.00216,0.061111,tradeoff_strategy,tradeoff_strategy,0.305556,0.513889,restraint,0.218605,0,0.007375,0.00119,0.004762,240,0,19
calibratedSynthetic,targeted:realist|criticalPoliticalEconomy,targeted,pure,120,8407,0.001189,0.004282,0.004044,0.008564,0.004044,0,0.00216,0.061111,tradeoff_strategy,tradeoff_strategy,0.305556,0.513889,restraint,0.218605,0,0.007375,0.00119,0.004762,240,0,19
calibratedSynthetic,targeted:realist|criticalPoliticalEconomy,targeted,blend,0,0,0,0,0,0,0,0,0,0,,,0,0,,0,0,0,0,0,0,0,0
calibratedSynthetic,targeted:institutionalist|constructivist,targeted,all,120,8395,0.004288,0.022394,0.007624,0.031566,0.007624,0,0.017391,0.116667,case_semiconductors,case_semiconductors,0.158491,0.290566,restraint,0.289402,0,0.027278,0.009524,0.022024,240,0,19
calibratedSynthetic,targeted:institutionalist|constructivist,targeted,pure,120,8395,0.004288,0.022394,0.007624,0.031566,0.007624,0,0.017391,0.116667,case_semiconductors,case_semiconductors,0.158491,0.290566,restraint,0.289402,0,0.027278,0.009524,0.022024,240,0,19
calibratedSynthetic,targeted:institutionalist|constructivist,targeted,blend,0,0,0,0,0,0,0,0,0,0,,,0,0,,0,0,0,0,0,0,0,0
calibratedSynthetic,targeted:institutionalist|criticalPoliticalEconomy,targeted,all,120,8380,0.002029,0.009308,0.005251,0.014797,0.001671,0.00358,0.006479,0.072222,an_tradeoff_energy_alignment,an_tradeoff_energy_alignment,0.209677,0.346774,restraint,0.232,0.000477,0.013246,0.004167,0.008333,240,0.008333,38
calibratedSynthetic,targeted:institutionalist|criticalPoliticalEconomy,targeted,pure,119,8311,0.000602,0.009385,0.001685,0.01131,0.001685,0,0.002169,0.070028,an_tradeoff_energy_alignment,an_tradeoff_energy_alignment,0.265957,0.43617,restraint,0.250784,0,0.010709,0.001801,0.003601,238,0.008403,19
calibratedSynthetic,targeted:institutionalist|criticalPoliticalEconomy,targeted,blend,1,69,0.173913,0,0.434783,0.434783,0,0.434783,0.333333,1,an_case_rising_power_voice,ni2,0.133333,0.266667,normsIdentity,0.25,0.057971,0.318841,0.285714,0.571429,2,0,19
calibratedSynthetic,targeted:constructivist|criticalPoliticalEconomy,targeted,all,120,8393,0.006196,0.0112,0.007149,0.018825,0.002264,0.004885,0.012876,0.072222,an_tradeoff_energy_alignment,an_tradeoff_energy_alignment,0.164557,0.303797,restraint,0.255172,0.003336,0.015966,0.005357,0.015476,240,0.004167,38
calibratedSynthetic,targeted:constructivist|criticalPoliticalEconomy,targeted,pure,118,8251,0.00097,0.011393,0.002303,0.01418,0.002303,0,0.004405,0.062147,an_tradeoff_energy_alignment,an_tradeoff_energy_alignment,0.188034,0.358974,restraint,0.280556,0,0.013211,0.003632,0.009685,236,0.004237,19
calibratedSynthetic,targeted:constructivist|criticalPoliticalEconomy,targeted,blend,2,142,0.309859,0,0.288732,0.288732,0,0.288732,0.333333,0.75,ni2,ni2,0.146341,0.268293,institutions,0.24,0.197183,0.176056,0.107143,0.357143,4,0,19
calibratedSynthetic,fullExtended,full,all,160,29304,0.001536,0.00604,0.000512,0.006552,0.000273,0.000239,0,0.041667,tradeoff_strategy,tradeoff_strategy,0.104167,0.1875,restraint,0.279687,0.001433,0.00645,0.002232,0.001339,320,0.003125,136
calibratedSynthetic,fullExtended,full,pure,159,29118,0.000069,0.006079,0.000275,0.006353,0.000275,0,0,0.041929,tradeoff_strategy,tradeoff_strategy,0.108108,0.194595,restraint,0.286872,0,0.006285,0.002246,0.000898,318,0.003145,68
calibratedSynthetic,fullExtended,full,blend,1,186,0.231183,0,0.037634,0.037634,0,0.037634,0,1,an_tradeoff_rival,an_tradeoff_rival,0.428571,0.571429,normsIdentity,0.304348,0.225806,0.032258,0,0.071429,2,0,68
boundaryFocused,core,core,all,64,3315,0.315535,0.037406,0.288084,0.388235,0.144495,0.14359,0.39166650000000003,0.567901,sc2,sc2,0.107226,0.208236,securityCompetition,0.208236,0.146606,0.219306,0.476563,0.40625,128,0.15625,28
boundaryFocused,core,core,pure,29,1495,0.122408,0.04214,0.320401,0.392642,0.320401,0,0.35294800000000004,0.574074,v21_rs_rev_04,v21_rs_rev_04,0.105622,0.206133,restraint,0.206133,0,0.270234,0.396552,0.394089,58,0.258621,14
boundaryFocused,core,core,blend,35,1820,0.474176,0.033516,0.261538,0.384615,0,0.261538,0.32402200000000003,0.639098,sc2,sc2,0.121429,0.234286,securityCompetition,0.234286,0.267033,0.177473,0.542857,0.416327,70,0.071429,14
boundaryFocused,targeted:realist|institutionalist,targeted,all,64,4315,0.333256,0.042642,0.355041,0.475782,0.079258,0.275782,0.445378,0.885417,an_case_digital_stack,an_case_digital_stack,0.082806,0.151486,institutions,0.21689,0.114484,0.25701,0.473214,0.414063,128,0.039063,38
boundaryFocused,targeted:realist|institutionalist,targeted,pure,23,1561,0.13517,0.066624,0.21909,0.34337,0.21909,0,0.290698,0.869565,an_case_digital_stack,an_case_digital_stack,0.11194,0.201493,securityCompetition,0.200544,0,0.2082,0.310559,0.282609,46,0.108696,19
boundaryFocused,targeted:realist|institutionalist,targeted,blend,41,2754,0.445534,0.029049,0.432099,0.550835,0,0.432099,0.513333,0.910569,an_tradeoff_rival,an_tradeoff_rival,0.07383,0.146341,institutions,0.223881,0.179375,0.284677,0.56446,0.487805,82,0,19
boundaryFocused,targeted:realist|constructivist,targeted,all,64,4295,0.347614,0.048196,0.335041,0.468685,0.089639,0.245402,0.415966,0.8125,an_tradeoff_rival,sc2,0.07998,0.157476,securityCompetition,0.205001,0.134109,0.25518,0.446429,0.426339,128,0.0625,38
boundaryFocused,targeted:realist|constructivist,targeted,pure,20,1334,0.151424,0.054723,0.288606,0.386807,0.288606,0,0.381579,0.733333,an_case_middle_power,an_case_middle_power,0.085271,0.164729,institutions,0.203187,0,0.235382,0.364286,0.325,40,0.125,19
boundaryFocused,targeted:realist|constructivist,targeted,blend,44,2961,0.436001,0.045255,0.355961,0.505572,0,0.355961,0.360248,0.962121,an_tradeoff_rival,sc2,0.08684,0.173013,securityCompetition,0.218451,0.194529,0.2641,0.483766,0.472403,88,0.034091,19
boundaryFocused,targeted:realist|criticalPoliticalEconomy,targeted,all,64,4307,0.362433,0.03831,0.423032,0.509635,0.06501,0.358022,0.489627,0.765625,tradeoff_strategy,sc2,0.076082,0.148519,securityCompetition,0.176046,0.130253,0.277455,0.521205,0.504464,128,0,38
boundaryFocused,targeted:realist|criticalPoliticalEconomy,targeted,pure,18,1206,0.166667,0.053897,0.232172,0.342454,0.232172,0,0.304348,0.703704,tradeoff_strategy,tradeoff_strategy,0.09201,0.171913,restraint,0.207171,0,0.175788,0.333333,0.297619,36,0,19
boundaryFocused,targeted:realist|criticalPoliticalEconomy,targeted,blend,46,3101,0.438568,0.032248,0.497259,0.574653,0,0.497259,0.552326,0.855072,tradeoff_interdependence,sc2,0.081369,0.156566,politicalEconomy,0.180202,0.180909,0.316995,0.59472,0.585404,92,0,19
boundaryFocused,targeted:institutionalist|constructivist,targeted,all,64,4307,0.342001,0.025308,0.372881,0.472254,0.072208,0.300673,0.485106,0.75,case_semiconductors,ni2,0.076205,0.152409,institutions,0.196401,0.096587,0.22684,0.460938,0.43192,128,0.007813,38
boundaryFocused,targeted:institutionalist|constructivist,targeted,pure,25,1680,0.1625,0.019643,0.185119,0.291667,0.185119,0,0.273684,0.586667,case_semiconductors,case_semiconductors,0.089796,0.171429,restraint,0.198795,0,0.129167,0.291429,0.254286,50,0,19
boundaryFocused,targeted:institutionalist|constructivist,targeted,blend,39,2627,0.456795,0.02893,0.492958,0.587743,0,0.492958,0.678322,0.854701,an_case_digital_stack,v21_ni_rev_05,0.078368,0.154793,institutions,0.204407,0.158356,0.289303,0.569597,0.545788,78,0.012821,19
boundaryFocused,targeted:institutionalist|criticalPoliticalEconomy,targeted,all,64,4307,0.350128,0.023682,0.354075,0.462271,0.090086,0.263989,0.48927,0.75,an_case_rising_power_voice,in2,0.074837,0.147162,institutions,0.218123,0.121198,0.233341,0.466518,0.4375,128,0,38
boundaryFocused,targeted:institutionalist|criticalPoliticalEconomy,targeted,pure,24,1613,0.16615,0.015499,0.240546,0.3292,0.240546,0,0.322222,0.527778,an_case_rising_power_voice,an_case_rising_power_voice,0.071563,0.143126,institutions,0.198339,0,0.16305,0.318452,0.294643,48,0,19
boundaryFocused,targeted:institutionalist|criticalPoliticalEconomy,targeted,blend,40,2694,0.460282,0.028582,0.422049,0.541945,0,0.422049,0.575342,0.883333,an_case_rising_power_voice,in2,0.081507,0.15411,institutions,0.225381,0.193764,0.275427,0.555357,0.523214,80,0,19
boundaryFocused,targeted:constructivist|criticalPoliticalEconomy,targeted,all,64,4305,0.363066,0.032056,0.425784,0.520093,0.065505,0.360279,0.533058,0.739496,v21_ni_rev_05,v21_ni_rev_05,0.078607,0.15364,institutions,0.203673,0.115215,0.272242,0.537946,0.508929,128,0.023438,38
boundaryFocused,targeted:constructivist|criticalPoliticalEconomy,targeted,pure,19,1276,0.182602,0.016458,0.221003,0.3221,0.221003,0,0.328571,0.526316,an_case_green_finance,an_case_green_finance,0.072993,0.143552,institutions,0.198187,0,0.139498,0.338346,0.304511,38,0.026316,19
boundaryFocused,targeted:constructivist|criticalPoliticalEconomy,targeted,blend,45,3029,0.439089,0.038627,0.51205,0.6035,0,0.51205,0.62963,0.885542,v21_ni_rev_05,ni2,0.080963,0.161379,institutions,0.204911,0.16375,0.328161,0.622222,0.595238,90,0.022222,19
boundaryFocused,fullExtended,full,all,64,11075,0.245598,0.017607,0.186456,0.231603,0.111061,0.075395,0.181189,0.572917,an_tradeoff_rival,an_tradeoff_rival,0.042885,0.08577,institutions,0.213448,0.160993,0.146998,0.270089,0.222098,128,0,136
boundaryFocused,fullExtended,full,pure,31,5356,0.051531,0.011949,0.229649,0.247946,0.229649,0,0.264819,0.430108,case_semiconductors,case_semiconductors,0.03012,0.059488,institutions,0.205255,0,0.196415,0.269585,0.223502,62,0,68
boundaryFocused,fullExtended,full,blend,33,5719,0.427347,0.022906,0.146005,0.216297,0,0.146005,0.1069975,0.727273,an_tradeoff_rival,an_tradeoff_rival,0.058205,0.114794,institutions,0.220206,0.311768,0.100717,0.270563,0.220779,66,0,68
canonical,core,core,all,16,896,0.008929,0,0.040179,0.040179,0.015625,0.024554,0.03125,0.078125,in2,in2,0.138889,0.277778,institutions,0.277778,0.006696,0.037946,0.008929,0.071429,32,0,28
canonical,core,core,pure,15,840,0.002381,0,0.016667,0.016667,0.016667,0,0,0.066667,in2,in2,0.285714,0.571429,institutions,0.571429,0,0.014286,0,0.038095,30,0,14
canonical,core,core,blend,1,56,0.107143,0,0.392857,0.392857,0,0.392857,0.5,0.75,oj1,oj1,0.136364,0.272727,orderJustice,0.227273,0.107143,0.392857,0.142857,0.571429,2,0,14
canonical,targeted:realist|institutionalist,targeted,all,16,1136,0,0.014085,0.002641,0.016725,0.002641,0,0,0.15625,v21_rs_rev_04,v21_rs_rev_04,0.526316,0.842105,restraint,0.653846,0,0.016725,0.026786,0.026786,32,0,19
canonical,targeted:realist|institutionalist,targeted,pure,16,1136,0,0.014085,0.002641,0.016725,0.002641,0,0,0.15625,v21_rs_rev_04,v21_rs_rev_04,0.526316,0.842105,restraint,0.653846,0,0.016725,0.026786,0.026786,32,0,19
canonical,targeted:realist|institutionalist,targeted,blend,0,0,0,0,0,0,0,0,0,0,,,0,0,,0,0,0,0,0,0,0,0
canonical,targeted:realist|constructivist,targeted,all,16,1136,0.00088,0,0.009683,0.009683,0.009683,0,0,0.0625,an_tradeoff_rival,an_tradeoff_rival,0.272727,0.454545,institutions,0.3,0,0.008803,0,0.008929,32,0,19
canonical,targeted:realist|constructivist,targeted,pure,16,1136,0.00088,0,0.009683,0.009683,0.009683,0,0,0.0625,an_tradeoff_rival,an_tradeoff_rival,0.272727,0.454545,institutions,0.3,0,0.008803,0,0.008929,32,0,19
canonical,targeted:realist|constructivist,targeted,blend,0,0,0,0,0,0,0,0,0,0,,,0,0,,0,0,0,0,0,0,0,0
canonical,targeted:realist|criticalPoliticalEconomy,targeted,all,16,1136,0.00088,0.013204,0.005282,0.018486,0.005282,0,0,0.109375,v21_rs_rev_04,v21_rs_rev_04,0.333333,0.47619,restraint,0.355556,0,0.017606,0.017857,0.026786,32,0,19
canonical,targeted:realist|criticalPoliticalEconomy,targeted,pure,16,1136,0.00088,0.013204,0.005282,0.018486,0.005282,0,0,0.109375,v21_rs_rev_04,v21_rs_rev_04,0.333333,0.47619,restraint,0.355556,0,0.017606,0.017857,0.026786,32,0,19
canonical,targeted:realist|criticalPoliticalEconomy,targeted,blend,0,0,0,0,0,0,0,0,0,0,,,0,0,,0,0,0,0,0,0,0,0
canonical,targeted:institutionalist|constructivist,targeted,all,16,1136,0.003521,0.019366,0.007923,0.029049,0.007923,0,0.03125,0.104167,tradeoff_intervention,rs2,0.181818,0.333333,restraint,0.319444,0,0.025528,0.022321,0.03125,32,0,19
canonical,targeted:institutionalist|constructivist,targeted,pure,16,1136,0.003521,0.019366,0.007923,0.029049,0.007923,0,0.03125,0.104167,tradeoff_intervention,rs2,0.181818,0.333333,restraint,0.319444,0,0.025528,0.022321,0.03125,32,0,19
canonical,targeted:institutionalist|constructivist,targeted,blend,0,0,0,0,0,0,0,0,0,0,,,0,0,,0,0,0,0,0,0,0,0
canonical,targeted:institutionalist|criticalPoliticalEconomy,targeted,all,16,1136,0.00088,0.009683,0.00088,0.011444,0.00088,0,0,0.109375,v21_rs_rev_04,v21_rs_rev_04,0.538462,0.769231,restraint,0.52381,0,0.010563,0.03125,0.013393,32,0,19
canonical,targeted:institutionalist|criticalPoliticalEconomy,targeted,pure,16,1136,0.00088,0.009683,0.00088,0.011444,0.00088,0,0,0.109375,v21_rs_rev_04,v21_rs_rev_04,0.538462,0.769231,restraint,0.52381,0,0.010563,0.03125,0.013393,32,0,19
canonical,targeted:institutionalist|criticalPoliticalEconomy,targeted,blend,0,0,0,0,0,0,0,0,0,0,,,0,0,,0,0,0,0,0,0,0,0
canonical,targeted:constructivist|criticalPoliticalEconomy,targeted,all,16,1136,0.005282,0.012324,0.012324,0.024648,0.012324,0,0.020833,0.125,v21_rs_rev_04,v21_rs_rev_04,0.285714,0.428571,restraint,0.390244,0,0.019366,0.026786,0.044643,32,0,19
canonical,targeted:constructivist|criticalPoliticalEconomy,targeted,pure,16,1136,0.005282,0.012324,0.012324,0.024648,0.012324,0,0.020833,0.125,v21_rs_rev_04,v21_rs_rev_04,0.285714,0.428571,restraint,0.390244,0,0.019366,0.026786,0.044643,32,0,19
canonical,targeted:constructivist|criticalPoliticalEconomy,targeted,blend,0,0,0,0,0,0,0,0,0,0,,,0,0,,0,0,0,0,0,0,0,0
canonical,fullExtended,full,all,16,2976,0,0,0,0,0,0,0,0,an_case_burdens,,0,0,,0,0,0,0,0,32,0,68
canonical,fullExtended,full,pure,16,2976,0,0,0,0,0,0,0,0,an_case_burdens,,0,0,,0,0,0,0,0,32,0,68
canonical,fullExtended,full,blend,0,0,0,0,0,0,0,0,0,0,,,0,0,,0,0,0,0,0,0,0,0
responseStyleStress,core,core,all,24,1213,0.492993,0.027205,0.203627,0.621599,0,0.203627,0.6416065,0.767442,v21_in_rev_03,v21_in_rev_03,0.087533,0.17374,institutions,0.17374,0.052762,0.181369,0.419643,0.678571,48,0.1875,14
responseStyleStress,core,core,pure,0,0,0,0,0,0,0,0,0,0,,,0,0,,0,0,0,0,0,0,0,0
responseStyleStress,core,core,blend,24,1213,0.492993,0.027205,0.203627,0.621599,0,0.203627,0.6416065,0.767442,v21_in_rev_03,v21_in_rev_03,0.087533,0.17374,institutions,0.17374,0.052762,0.181369,0.419643,0.678571,48,0.1875,14
responseStyleStress,targeted:realist|institutionalist,targeted,all,24,1579,0.231159,0.025966,0.276124,0.357188,0.124129,0.151995,0.321839,0.763889,an_tradeoff_evidence,an_tradeoff_evidence,0.097518,0.180851,institutions,0.214346,0.060798,0.186827,0.354167,0.360119,48,0,38
responseStyleStress,targeted:realist|institutionalist,targeted,pure,15,1009,0.117939,0.026759,0.194252,0.269574,0.194252,0,0.267857,0.644444,an_tradeoff_evidence,an_tradeoff_evidence,0.106618,0.205882,institutions,0.208406,0,0.151635,0.238095,0.228571,30,0,19
responseStyleStress,targeted:realist|institutionalist,targeted,blend,9,570,0.431579,0.024561,0.421053,0.512281,0,0.421053,0.483871,0.962963,an_tradeoff_evidence,an_tradeoff_evidence,0.089041,0.178082,institutions,0.21987,0.168421,0.249123,0.547619,0.579365,18,0,19
responseStyleStress,targeted:realist|constructivist,targeted,all,24,1578,0.336502,0.030418,0.309886,0.503802,0.200253,0.109632,0.436782,0.861111,an_tradeoff_rival,an_tradeoff_rival,0.077987,0.154717,normsIdentity,0.206897,0.089987,0.257288,0.482143,0.455357,48,0,38
responseStyleStress,targeted:realist|constructivist,targeted,pure,13,839,0.20739,0.039333,0.376639,0.486293,0.376639,0,0.461538,0.846154,an_tradeoff_parallel_order,an_tradeoff_parallel_order,0.080882,0.161765,normsIdentity,0.212792,0,0.278903,0.494505,0.445055,26,0,19
responseStyleStress,targeted:realist|constructivist,targeted,blend,11,739,0.483085,0.020298,0.2341,0.523681,0,0.2341,0.560976,0.878788,an_tradeoff_rival,sc2,0.077519,0.155039,normsIdentity,0.200531,0.192152,0.232747,0.467532,0.467532,22,0,19
responseStyleStress,targeted:realist|criticalPoliticalEconomy,targeted,all,24,1578,0.235108,0.031052,0.271229,0.352978,0.121673,0.149556,0.337209,0.736111,tradeoff_interdependence,tradeoff_interdependence,0.095153,0.174147,institutions,0.187822,0.048162,0.166033,0.363095,0.318452,48,0,38
responseStyleStress,targeted:realist|criticalPoliticalEconomy,targeted,pure,16,1052,0.126426,0.01616,0.18251,0.241445,0.18251,0,0.189655,0.6875,tradeoff_interdependence,tradeoff_interdependence,0.129921,0.232283,institutions,0.19224,0,0.115019,0.214286,0.21875,32,0,19
responseStyleStress,targeted:realist|criticalPoliticalEconomy,targeted,blend,8,526,0.452471,0.060837,0.448669,0.576046,0,0.448669,0.586207,0.875,an_case_middle_power,an_case_middle_power,0.069307,0.138614,politicalEconomy,0.198664,0.144487,0.268061,0.660714,0.517857,16,0,19
responseStyleStress,targeted:institutionalist|constructivist,targeted,all,24,1575,0.136508,0.011429,0.129524,0.192381,0.036825,0.092698,0.206897,0.486111,case_semiconductors,case_semiconductors,0.115512,0.191419,institutions,0.189873,0.022857,0.07873,0.202381,0.202381,48,0,38
responseStyleStress,targeted:institutionalist|constructivist,targeted,pure,20,1308,0.060398,0.010703,0.044343,0.097859,0.044343,0,0.083333,0.4,case_semiconductors,case_semiconductors,0.1875,0.289063,securityCompetition,0.208861,0,0.037462,0.107143,0.114286,40,0,19
responseStyleStress,targeted:institutionalist|constructivist,targeted,blend,4,267,0.509363,0.014981,0.546816,0.655431,0,0.546816,0.8,0.933333,v21_df_rev_04,ni2,0.08,0.16,institutions,0.208861,0.134831,0.280899,0.678571,0.642857,8,0,19
responseStyleStress,targeted:institutionalist|criticalPoliticalEconomy,targeted,all,24,1575,0.20381,0.04,0.208254,0.303492,0.085079,0.123175,0.241379,0.805556,an_case_rising_power_voice,an_case_rising_power_voice,0.121339,0.213389,institutions,0.190432,0.045714,0.145397,0.3125,0.300595,48,0.0625,38
responseStyleStress,targeted:institutionalist|criticalPoliticalEconomy,targeted,pure,17,1123,0.091719,0.016028,0.119323,0.175423,0.119323,0,0.129032,0.745098,an_case_rising_power_voice,an_case_rising_power_voice,0.192893,0.335025,institutions,0.208,0,0.083704,0.151261,0.168067,34,0.029412,19
responseStyleStress,targeted:institutionalist|criticalPoliticalEconomy,targeted,blend,7,452,0.482301,0.099558,0.429204,0.621681,0,0.429204,0.583333,0.952381,an_case_rising_power_voice,sc2,0.074733,0.149466,institutions,0.174912,0.159292,0.298673,0.704082,0.622449,14,0.142857,19
responseStyleStress,targeted:constructivist|criticalPoliticalEconomy,targeted,all,24,1570,0.343949,0.032484,0.340764,0.498726,0.064968,0.275796,0.488372,0.791667,an_case_middle_power,ni2,0.076628,0.15198,institutions,0.215724,0.06879,0.223567,0.526786,0.517857,48,0.020833,38
responseStyleStress,targeted:constructivist|criticalPoliticalEconomy,targeted,pure,10,654,0.148318,0.025994,0.155963,0.269113,0.155963,0,0.222222,0.866667,an_case_middle_power,an_case_middle_power,0.147727,0.261364,institutions,0.265306,0,0.120795,0.3,0.271429,20,0,19
responseStyleStress,targeted:constructivist|criticalPoliticalEconomy,targeted,blend,14,916,0.483624,0.037118,0.472707,0.662664,0,0.472707,0.693878,0.857143,an_tradeoff_energy_alignment,ni2,0.069193,0.136738,institutions,0.198779,0.117904,0.296943,0.688776,0.693878,28,0.035714,19
responseStyleStress,fullExtended,full,all,24,4045,0.111743,0.017553,0.073177,0.109271,0.03115,0.042027,0.0571445,0.347222,tradeoff_alliances,tradeoff_alliances,0.056561,0.106335,institutions,0.20352,0.070457,0.067985,0.160714,0.145833,48,0.041667,136
responseStyleStress,fullExtended,full,pure,18,3072,0.008789,0.022461,0.041016,0.06543,0.041016,0,0.031818,0.240741,tradeoff_interdependence,tradeoff_interdependence,0.064677,0.114428,restraint,0.219931,0,0.056641,0.087302,0.083333,36,0.055556,68
responseStyleStress,fullExtended,full,blend,6,973,0.436793,0.002055,0.174717,0.247688,0,0.174717,0,0.944444,tradeoff_alliances,tradeoff_alliances,0.070539,0.136929,securityCompetition,0.21931,0.292909,0.103803,0.380952,0.333333,12,0,68
